,Generator Import kWh,Generator Charging kWh,Generator Switching,Generator Loading,Generator Fuel Consumption kg,Wind Power Import kWh,Wind Power Spill kWh,Wind Power Charging kWh,Energy Storage Discharge kWh,Energy Storage Charge kWh,Energy Storage SRC kWh
0,6504399084014.679,119442374.34132218,6.0,0.45954943813250726,,151046624535.3404,824625136302.8497,4058794678.882998,844549068.0408875,4178237053.2243204,31750422776.429344
1,6486555323993.316,1777024042.545511,6.0,0.46121000581735483,,159322504958.55826,795397982911.9706,25010067646.544426,10391776208.463799,26787091689.089935,38944064046.88821
2,6446683251781.453,6571229969.503554,9.0,0.4953762957841053,,198626686303.87094,771736994008.1823,9366875205.02001,10902152187.622528,15938105174.523567,166063507532.1504
3,6163644961628.346,73060473257.75652,9.0,0.5315112546571789,,381779504209.84875,528094129092.5321,69856922214.69237,110406745301.1836,142917395472.44888,376973153363.799
4,6323139417140.705,35149404278.34997,11.0,0.510936278330857,,287191663776.9108,670708221332.2538,21830670407.908623,45636637757.34035,56980074686.25859,262227603481.6175
5,6042504389990.578,154194471994.8215,7.0,0.5595656525801337,,471797414029.76447,439312532103.1238,68620609384.18497,141326657034.77737,222815081379.00635,486178253886.5049
