Tag1,Tag2,Tag3,Tag4,Tag5,Attribute,Value
powerCurveDataPoints,ws,,,,value,0 0.1 0.2 0.3 0.4 0.5 0.6 0.7 0.8 0.9 1 1.1 1.2 1.3 1.4 1.5 1.6 1.7 1.8 1.9 2 2.1 2.2 2.3 2.4 2.5 2.6 2.7 2.8 2.9 3 3.1 3.2 3.3 3.4 3.5 3.6 3.7 3.8 3.9 4
powerCurveDataPoints,pPu,,,,value,0 0 0 0.00237037 0.005618656 0.010973937 0.018962963 0.030112483 0.044949246 0.064 0.087791495 0.11685048 0.151703704 0.192877915 0.240899863 0.296296296 0.359593964 0.431319616 0.512 0.602161866 0.702331962 0.813037037 0.934803841 1 1 1 1 1 1 1 1 1 1 1 1 1 1 1 1 1 1
cutInWindSpeed,,,,,value,0.2
cutOutWindSpeedMax,,,,,value,4
cutOutWindSpeedMin,,,,,value,0.2
