Tag1,Tag2,Tag3,Tag4,Tag5,Attribute,Value
powerCurveDataPoints,ws,,,,value,0 1 2 3 4 5 6 7 8 9 10 11 12 13 14 15 16 17 18 19 20 21 22 23 24 25 26 27 28 29 30
powerCurveDataPoints,pPu,,,,value,0 0 0 0.0202855 0.048084147 0.09391435 0.162283997 0.257700977 0.384673178 0.54770849 0.751314801 1 1 1 1 1 1 1 1 1 1 1 1 1 1 1 1 1 1 1 1
cutInWindSpeed,,,,,value,2
cutOutWindSpeedMax,,,,,value,25
cutOutWindSpeedMin,,,,,value,2
